"Club","Last Name","First Name","Age","MinutesPlayed","X","Playing Position","Salaire",""
"Atlanta United","Adams","Mohammed ""Mo""","22","93","387","M"," $ 134,999.96 ",""
"Atlanta United","Ambrose","Mikey","25","266","4","D"," $ 72,351.60 ",""
"Atlanta United","Barco","Ezequiel","19","975","4","F"," $ 1,425,000.00 ",""
"Atlanta United","Carleton","Andrew","18","67","164","M"," $ 97,399.96 ",""
"Atlanta United","Escobar","Franco","23","2013","44","D"," $ 300,000.00 ",""
"Atlanta United","Gallagher","Jon","22","0","0","M"," $ 70,250.04 ",""
"Atlanta United","Gonzalez Pirez","Leandro","26","2699","54","D"," $ 810,008.00 ",""
"Atlanta United","Gressel","Julian","26","2686","7954","M"," $ 132,999.96 ",""
"Atlanta United","Guzan","Brad","34","3060","43","GK"," $ 740,004.00 ",""
"Atlanta United","Hyndman","Emerson","22","987","1723","M"," $ 360,000.00 ",""
"Atlanta United","Kann","Alec","28","0","0","GK"," $ 100,008.00 ",""
"Atlanta United","Kratz","Kevin","32","1","16","M"," $ 222,750.00 ",""
"Atlanta United","Larentowicz","Jeff","35","1473","20","D"," $ 210,000.00 ",""
"Atlanta United","Martinez","Josef","25","2578","24","F"," $ 3,058,333.33 ",""
"Atlanta United","Martinez","Pity Nicolas","25","2140","5","F"," $ 900,000.00 ",""
"Atlanta United","Meram","Justin","30","1645","2976","M"," $ 678,754.00 ",""
"Atlanta United","Moore","Brendan","26","0","0","GK"," $ 70,250.04 ",""
"Atlanta United","Nagbe","Darlington","28","2822","6440","M"," $ 665,499.96 ",""
"Atlanta United","Wild","Gordon","23","0","0","M"," $ 129,999.96 ",""
"Atlanta United","Williams","Romario","24","39","0","F"," $ 78,650.04 ",""
"Atlanta United","Parkhurst","Michael","35","1444","11","D"," $ 300,000.00 ",""
"Atlanta United","Pereira","Dion","19","671","687","M"," $ 56,250.00 ",""
"Atlanta United","Pogba","Florentin","28","783","10","D"," $ 324,000.00 ",""
"Atlanta United","Remedi","Eric","23","2050","32","D"," $ 300,000.00 ",""
"Atlanta United","Robinson","Miles","21","2979","51","D"," $ 201,250.08 ",""
"Atlanta United","Shea","Brek","28","911","10","D"," $ 225,000.00 ",""
"Atlanta United","Vazquez","Brandon","20","638","2","F"," $ 166,000.00 ",""
"Atlanta United","Villalba","Hector","24","940","955","M"," $ 830,249.96 ",""
"Chicago Fire","Bornstein","Jonathan","34","911","11","D"," $ 263,200.00 ",""
"Chicago Fire","Bronico","Brandt","23","1866","3864","M"," $ 90,624.96 ",""
"Chicago Fire","Calvo","Francisco","26","2565","40","D"," $ 672,600.00 ",""
"Chicago Fire","Campos","Diego","23","440","4","D"," $ 72,825.04 ",""
"Chicago Fire","Cleveland","Stefan","24","0","0","GK"," $ 70,250.04 ",""
"Chicago Fire","Corrales","Jorge Luis","27","1034","15","D"," $ 70,250.04 ",""
"Chicago Fire","Edwards","Raheem","23","245","795","M"," $ 70,250.04 ",""
"Chicago Fire","Ferreira","Marcelo","29","1151","21","D"," $ 797,499.96 ",""
"Chicago Fire","Frankowski","Przemyslaw","23","2303","5","F"," $ 661,687.50 ",""
"Chicago Fire","Gaitan","Nicolas","30","2006","4469","M"," $ 2,197,504.00 ",""
"Chicago Fire","Gutjahr","Jeremiah","21","503","1197","M"," $ 56,250.00 ",""
"Chicago Fire","Herbers","Fabian","25","780","1010","M"," $ 135,000.00 ",""
"Chicago Fire","Kappelhof","Johan","28","2560","37","D"," $ 577,833.29 ",""
"Chicago Fire","Katai","Aleksandar","27","2100","3347","M"," $ 1,380,333.33 ",""
"Chicago Fire","Kronholm","Kenneth","33","1800","27","GK"," $ 150,996.00 ",""
"Chicago Fire","Lillard","Grant","23","206","5","D"," $ 97,500.04 ",""
"Chicago Fire","Martinez","Cristian","21","55","169","M"," $ 88,406.71 ",""
"Chicago Fire","McCarty","Dax","31","2846","9143","M"," $ 700,000.08 ",""
"Chicago Fire","Mihailovic","Djordje","20","1450","3593","M"," $ 114,600.00 ",""
"Chicago Fire","Moreno","Amando","23","82","71","M"," $ 72,750.04 ",""
"Chicago Fire","Nikolic","Nemanja","31","1991","12","F"," $ 1,913,333.37 ",""
"Chicago Fire","Ousted","David","33","1260","20","GK"," $ 361,136.43 ",""
"Chicago Fire","Reynolds","Andre","17","0","0","D"," $ 64,250.00 ",""
"Chicago Fire","Sanchez","Richard","24","0","0","GK"," $ 152,500.00 ",""
"Chicago Fire","Sapong","CJ","30","2547","13","F"," $ 475,000.08 ",""
"Chicago Fire","Schweinsteiger","Bastian","34","2675","12354","M"," $ 5,600,000.04 ",""
"Colorado Rapids","Abubakar","Lalas","24","1980","26","D"," $ 144,937.50 ",""
"Colorado Rapids","Acosta","Kellyn","23","2615","40","D"," $ 664,999.96 ",""
"Colorado Rapids","Anderson","Sebastian","16","314","2","D"," $ 80,916.67 ",""
"Colorado Rapids","Bassett","Cole","17","1059","1574","M"," $ 84,000.00 ",""
"Colorado Rapids","Blomberg","Johan","31","88","0","F"," $ 250,962.00 ",""
"Colorado Rapids","Howard","Tim","39","2159","46","GK"," $ 2,475,000.04 ",""
"Colorado Rapids","Hundley","Matt","18","0","0","F"," $ 99,000.04 ",""
"Colorado Rapids","Irwin","Clint","29","901","17","GK"," $ 138,707.24 ",""
"Colorado Rapids","Jackson","Niki","23","39","0","F"," $ 57,225.00 ",""
"Colorado Rapids","Kamara","Kei","34","2539","14","F"," $ 750,000.00 ",""
"Colorado Rapids","Lewis","Jonathan","21","1114","7","F"," $ 137,500.08 ",""
"Colorado Rapids","Mezquida","Nicolas","27","1418","2414","M"," $ 320,000.04 ",""
"Colorado Rapids","Nicholson","Sam","24","1770","1753","M"," $ 342,073.00 ",""
"Colorado Rapids","Opare","Kofi","28","270","1","D"," $ 70,250.04 ",""
"Colorado Rapids","Price","Jack","26","2226","8468","M"," $ 437,499.96 ",""
"Colorado Rapids","Raben","Sam","21","0","0","D"," $ 70,250.04 ",""
"Colorado Rapids","Rawls","Andre","27","0","0","GK"," $ 72,360.84 ",""
"Colorado Rapids","Rosenberry","Keegan","25","3060","40","D"," $ 164,944.96 ",""
"Colorado Rapids","Rubio Kostner","Diego","25","2054","11","F"," $ 353,749.96 ",""
"Colorado Rapids","Shinyashiki","Andre","23","1672","7","F"," $ 62,625.00 ",""
"Colorado Rapids","Serna","Dillon","24","586","1854","M"," $ 120,000.00 ",""
"Colorado Rapids","Sjoberg","Axel","27","435","4","D"," $ 179,996.00 ",""
"Colorado Rapids","Smith","Tommy","28","2413","14","D"," $ 640,000.00 ",""
"Colorado Rapids","Vines","Sam","19","2151","24","D"," $ 81,250.04 ",""
"Colorado Rapids","Wilson","Danny","27","1328","23","D"," $ 540,000.04 ",""
"Colorado Rapids","Wynne","Deklan","23","916","10","D"," $ 74,250.00 ",""
"Columbus Crew","Accam","David","28","667","472","M"," $ 1,137,920.00 ",""
"Columbus Crew","Afful","Harrison","32","1903","21","D"," $ 363,799.96 ",""
"Columbus Crew","Argudo","Luis","23","1065","1431","M"," $ 57,225.00 ",""
"Columbus Crew","Artur","","22","2450","56","D"," $ 411,633.33 ",""
"Columbus Crew","Bendik","Joe","29","540","12","GK"," $ 411,633.33 ",""
"Columbus Crew","Clark","Ricardo","35","361","871","M"," $ 159,999.96 ",""
"Columbus Crew","Crognale","Alex","24","884","7","D"," $ 104,504.40 ",""
"Columbus Crew","Diaz","Luis","20","796","645","M"," $ 333,900.00 ",""
"Columbus Crew","Francis","Waylon","28","1382","25","D"," $ 199,166.75 ",""
"Columbus Crew","Guzman","David","28","1137","26","D"," $ 340,000.04 ",""
"Columbus Crew","Hamilton","Jordan","22","684","8","F"," $ 137,658.67 ",""
"Columbus Crew","Higuain","Federico","34","1129","4008","M"," $ 1,100,000.04 ",""
"Columbus Crew","Jimenez","Hector","30","1619","20","D"," $ 200,000.04 ",""
"Columbus Crew","Keita","Aboubacar","18","802","8","D"," $ 110,000.00 ",""
"Columbus Crew","Kempin","Jonathan","25","270","4","GK"," $ 71,664.00 ",""
"Columbus Crew","Hansen","Nico","24","252","593","M"," $ 57,225.00 ",""
"Columbus Crew","Maloney","Connor","23","795","12","D"," $ 70,250.04 ",""
"Columbus Crew","Mensah","Jonathan","28","2152","14","D"," $ 894,004.00 ",""
"Columbus Crew","Mokhtar","Youness","27","440","961","M"," $ 533,845.00 ",""
"Columbus Crew","Robinho","","24","1346","0","F"," $ 205,500.00 ",""
"Columbus Crew","Room","Eloy","29","1080","14","GK"," $ 354,694.33 ",""
"Columbus Crew","Santos","Pedro","30","2761","11","F"," $ 864,560.00 ",""
"Columbus Crew","Sauro","Gaston","28","1284","11","D"," $ 360,000.00 ",""
"Columbus Crew","Sosa","Eduardo","21","325","582","M"," $ 120,199.96 ",""
"Columbus Crew","Stephen","Zack","23","1170","17","GK"," $ 260,000.00 ",""
"Columbus Crew","Trapp","Wil","28","2330","8916","M"," $ 593,746.00 ",""
"Columbus Crew","Williams","Romario","24","127","1","F"," $ 78,650.04 ",""
"Columbus Crew","Williams","Josh","30","1278","11","D"," $ 215,000.04 ",""
"Columbus Crew","Williams","JJ","21","327","0","F"," $ 149,750.04 ",""
"Columbus Crew","Zardes","Gyasi","27","2473","13","F"," $ 1,471,666.64 ",""
"DC United","Acosta","Luciano","24","2122","5937","M"," $ 702,000.00 ",""
"DC United","Amarikwa","Quincy","31","429","1","F"," $ 70,250.04 ",""
"DC United","Arriola","Paul","23","2425","3756","M"," $ 707,000.00 ",""
"DC United","Birnbaum","Steven","28","3031","18","D"," $ 550,000.00 ",""
"DC United","Boateng","Emmanuel","25","54","126","M"," $ 185,000.04 ",""
"DC United","Brillant","Frederic","33","2959","34","D"," $ 299,999.96 ",""
"DC United","Canouse","Russell","23","2146","5759","M"," $ 247,500.00 ",""
"DC United","Durkin","Chris","18","640","16","D"," $ 104,375.04 ",""
"DC United","Zoltan","Stieber","30","305","0","F"," $ 787,500.00 ",""
"DC United","McCann","Chris","31","318","4","D"," $ 74,916.71 ",""
"DC United","Hamid","Bill","28","2970","37","GK"," $ 487,495.00 ",""
"DC United","Jara","Leonardo","27","2290","51","D"," $ 560,000.04 ",""
"DC United","Kamara","Ola","29","256","102","M"," $ 260,000.00 ",""
"DC United","Martins","Felipe","28","774","2473","M"," $ 500,000.04 ",""
"DC United","Mora","Joseph","26","1594","22","D"," $ 164,250.00 ",""
"DC United","Moreno","Junior","25","2549","38","D"," $ 159,500.04 ",""
"DC United","Odoi-Atsem","Chris","23","135","1","D"," $ 56,250.00 ",""
"DC United","Pedroso","Marcos","25","403","2","D"," $ 375,000.00 ",""
"DC United","Pines","Donovan","20","785","6","D"," $ 102,000.00 ",""
"DC United","Robinson","Jalen","24","414","7","D"," $ 80,004.00 ",""
"DC United","Rodriguez","Lucas","21","2699","3260","M"," $ 298,549.86 ",""
"DC United","Rooney","Wayne","33","2313","11","F"," $ 3,507,500.04 ",""
"DC United","Segura","Ulises","25","1791","2577","M"," $ 184,249.92 ",""
"DC United","Seitz","Chris","31","90","1","GK"," $ 165,000.00 ",""
"DC United","Akeem","Ward","23","47","0","D"," $ 70,250.00 ",""
"DC United","Yow","Griffin","16","58","0","F"," $ 76,368.37 ",""
"FC Cincinnati","Adi","Fanendo","28","700","1","F"," $ 1,965,008.00 ",""
"FC Cincinnati","Alashe","Fatai","25","438","4","D"," $ 189,999.96 ",""
"FC Cincinnati","Albadawi","Nazmi","27","10","0","M"," $ 70,250.04 ",""
"FC Cincinnati","Alexander","Eric","30","313","605","M"," $ 270,000.00 ",""
"FC Cincinnati","Amaya","Frankie","18","1238","2233","M"," $ 172,000.04 ",""
"FC Cincinnati","Bertone","Leonardo","24","2056","5796","M"," $ 496,666.67 ",""
"FC Cincinnati","Bone","Corben","30","187","340","M"," $ 70,250.04 ",""
"FC Cincinnati","Cruz","Allan","22","1734","7","F"," $ 333,125.00 ",""
"FC Cincinnati","Dally","Rashawn","22","544","1","F"," $ 59,658.75 ",""
"FC Cincinnati","Deplagne","Mathieu","27","2875","38","D"," $ 254,400.00 ",""
"FC Cincinnati","Etienne","Derrick","22","220","235","M"," $ 82,062.56 ",""
"FC Cincinnati","Garza","Greg","27","908","10","D"," $ 270,000.00 ",""
"FC Cincinnati","Gdula","Logan","22","0","0","D"," $ 59,575.00 ",""
"FC Cincinnati","Gutman","Andrew","22","483","8","D"," $ 99,999.96 ",""
"FC Cincinnati","Gyau","Joe","26","461","328","M"," $ 168,640.00 ",""
"FC Cincinnati","Hagglund","Nick","26","1803","12","D"," $ 147,129.40 ",""
"FC Cincinnati","Hague","Jimmy","22","0","0","GK"," $ 56,250.00 ",""
"FC Cincinnati","Hoyte","Justin","34","1476","4","D"," $ 70,250.04 ",""
"FC Cincinnati","Lamah","Roland","31","1778","2241","M"," $ 806,250.00 ",""
"FC Cincinnati","Lasso","Forrest","25","394","3","D"," $ 77,583.37 ",""
"FC Cincinnati","Ledesma","Emmanuel","30","1764","6","F"," $ 280,833.29 ",""
"FC Cincinnati","Manneh","Kekuta","24","1499","4","F"," $ 391,666.67 ",""
"FC Cincinnati","Mattocks","Darren","28","1273","3","F"," $ 519,999.96 ",""
"FC Cincinnati","McCabe","Tommy","20","247","4","D"," $ 56,250.00 ",""
"FC Cincinnati","Powell","Alvas","24","969","18","D"," $ 251,624.96 ",""
"FC Cincinnati","Richey","Spencer","26","1710","45","GK"," $ 71,666.88 ",""
"FC Cincinnati","Saief","Kenny","25","566","1","F"," $ 1,233,000.00 ",""
"FC Cincinnati","Stanko","Caleb","25","1439","24","D"," $ 390,833.33 ",""
"FC Cincinnati","Tyton","Przemyslaw","32","1350","30","GK"," $ 328,438.00 ",""
"FC Cincinnati","Ulloa","Victor","26","1944","22","D"," $ 212,500.00 ",""
"FC Cincinnati","Van Der Werff","Maikel","29","990","9","D"," $ 635,166.63 ",""
"FC Cincinnati","Waston","Kendall","31","2175","25","D"," $ 776,666.67 ",""
"FC Dallas","Acosta","Bryan","25","2073","8013","M"," $ 650,000.00 ",""
"FC Dallas","Aranguiz","Pablo","21","561","1135","M"," $ 466,666.68 ",""
"FC Dallas","Atuahene","Francis","22","27","8","M"," $ 179,000.00 ",""
"FC Dallas","Badji","Dominique","26","2029","6","F"," $ 206,250.04 ",""
"FC Dallas","Barrios","Michael","27","2724","5","F"," $ 500,000.04 ",""
"FC Dallas","Bressan","","26","1220","15","D"," $ 521,931.29 ",""
"FC Dallas","Cannon","Reggie","20","2268","26","D"," $ 80,250.00 ",""
"FC Dallas","Cerrillo","Edwin","18","916","11","D"," $ 100,250.04 ",""
"FC Dallas","Colman","Cristian","24","0","0","F"," $ 585,000.04 ",""
"FC Dallas","Ferreira","Jesus","18","2439","8","F"," $ 70,250.04 ",""
"FC Dallas","Gonzalez","Jesse","23","2880","32","GK"," $ 231,500.00 ",""
"FC Dallas","Gruezo","Carlos","23","783","1972","M"," $ 890,000.00 ",""
"FC Dallas","Gyasi","edwin","27","84","0","F"," $ 719,225.00 ",""
"FC Dallas","Hayes","Jacori","23","854","1941","M"," $ 79,162.56 ",""
"FC Dallas","Hedges","Matt","28","2883","25","D"," $ 575,008.00 ",""
"FC Dallas","Hollingshead","Ryan","27","2960","51","D"," $ 174,999.96 ",""
"FC Dallas","Maurer","Jimmy","30","180","2","GK"," $ 127,500.04 ",""
"FC Dallas","Montgomery","Callum","21","0","0","D"," $ 70,250.04 ",""
"FC Dallas","Nelson","John","20","455","5","D"," $ 113,000.04 ",""
"FC Dallas","Ondrasek","Zdenek","30","751","7","F"," $ 522,250.08 ",""
"FC Dallas","Pepi","Ricardo","16","78","0","F"," $ 113,000.04 ",""
"FC Dallas","Pomykal","Paxton","19","1878","4402","M"," $ 104,999.96 ",""
"FC Dallas","Reynolds","Bryan","17","119","0","F"," $ 70,250.04 ",""
"FC Dallas","Roberts","Thomas","17","327","307","M"," $ 137,999.92 ",""
"FC Dallas","Santiago Mosquera","Harold","23","1173","3","F"," $ 500,000.00 ",""
"FC Dallas","Servania","Brandon","19","1119","2085","M"," $ 211,000.08 ",""
"FC Dallas","Twumasi","Ema","21","29","12","M"," $ 196,900.00 ",""
"FC Dallas","Ziegler","Reto","33","2880","19","D"," $ 870,000.08 ",""
"FC Dallas","Zobeck","Kyle","28","0","0","GK"," $ 70,875.00 ",""
"Houston Dynamo","Beasley","DaMarcus","36","1030","10","D"," $ 275,000.04 ",""
"Houston Dynamo","Bizama","Jose","24","354","7","D"," $ 292,427.18 ",""
"Houston Dynamo","Cabezas","Juan","27","538","15","D"," $ 292,008.00 ",""
"Houston Dynamo","Ceren","Darwin","29","536","19","D"," $ 349,375.00 ",""
"Houston Dynamo","DeLaGarza","AJ","31","1991","21","D"," $ 253,749.96 ",""
"Houston Dynamo","Deric","Tyler","30","630","15","GK"," $ 167,499.96 ",""
"Houston Dynamo","Elis","Alberth","22","1923","9","F"," $ 650,340.00 ",""
"Houston Dynamo","Figueroa","Maynor","35","2249","17","D"," $ 70,250.04 ",""
"Houston Dynamo","Fuenmayor","Alejandro","22","698","7","D"," $ 172,508.00 ",""
"Houston Dynamo","Garcia","Oscar Boniek","34","2577","5402","M"," $ 183,000.00 ",""
"Houston Dynamo","Garcia","Kevin","28","816","7","D"," $ 72,360.84 ",""
"Houston Dynamo","Hairston","Marlon","24","412","272","M"," $ 155,004.00 ",""
"Houston Dynamo","Hansen","Niko","24","38","37","M"," $ 79,162.56 ",""
"Houston Dynamo","Junqua","Sam","22","0","0","D"," $ 56,250.00 ",""
"Houston Dynamo","Lundkvist","Adam","24","2388","30","D"," $ 303,749.92 ",""
"Houston Dynamo","Manotas","Mauro","23","2530","13","F"," $ 1,245,049.96 ",""
"Houston Dynamo","Martinez","Tomas","23","2313","4303","M"," $ 517,929.00 ",""
"Houston Dynamo","McNamara","Thomas","27","1540","1977","M"," $ 165,000.00 ",""
"Houston Dynamo","Nelson","Michael","23","0","0","GK"," $ 57,225.00 ",""
"Houston Dynamo","Pena","Ronaldo","21","159","0","F"," $ 249,999.96 ",""
"Houston Dynamo","Quioto","Romell","27","796","1449","M"," $ 556,501.41 ",""
"Houston Dynamo","Ramirez","Christian","27","674","5","F"," $ 666,250.00 ",""
"Houston Dynamo","Rodriguez","Memo","23","1387","7","F"," $ 82,750.04 ",""
"Houston Dynamo","Salazar","Michael","26","159","0","F"," $ 70,250.04 ",""
"Houston Dynamo","Struna","Aljaz ""Kiki""","28","2610","19","D"," $ 1,210,000.04 ",""
"Houston Dynamo","Vera","Matias Gabriel","23","2634","64","D"," $ 231,250.00 ",""
"Houston Dynamo","Willis","Joe","30","2430","44","GK"," $ 172,833.33 ",""
"LA Galaxy","Alessandrini","Romain","29","277","744","M"," $ 1,940,004.00 ",""
"LA Galaxy","Alvarez","Favio","26","1260","1988","M"," $ 586,250.00 ",""
"LA Galaxy","Alvarez","Efrain","16","523","1291","M"," $ 75,605.80 ",""
"LA Galaxy","Antuna","Uriel","21","2413","6","F"," $ 420,000.00 ",""
"LA Galaxy","Araujo","Julian","17","895","10","D"," $ 86,250.04 ",""
"LA Galaxy","Bingham","David","29","2970","55","GK"," $ 375,000.00 ",""
"LA Galaxy","Carrasco","Servando","30","396","768","M"," $ 70,250.04 ",""
"LA Galaxy","Corona","Joe","28","2323","7164","M"," $ 578,499.96 ",""
"LA Galaxy","Cuello","Emil","21","195","251","M"," $ 70,250.04 ",""
"LA Galaxy","dos Santos","Jonathan","28","2542","12243","M"," $ 2,000,000.04 ",""
"LA Galaxy","Feltscher","Rolf","28","2178","10","D"," $ 242,650.04 ",""
"LA Galaxy","Gonzalez","Giancarlo","30","1434","10","D"," $ 719,583.37 ",""
"LA Galaxy","Hilliard-Arce","Tomas","23","0","0","D"," $ 123,124.96 ",""
"LA Galaxy","Ibrahimovic","Zlatan","37","2610","30","F"," $ 7,200,000.00 ",""
"LA Galaxy","Juninho","","30","9","8","M"," $ 163,125.00 ",""
"LA Galaxy","Kitchen","Perry","26","573","8","D"," $ 474,166.67 ",""
"LA Galaxy","Lampson","Matt","29","90","4","GK"," $ 70,250.04 ",""
"LA Galaxy","Lletget","Sebastian","26","2314","4693","M"," $ 312,666.67 ",""
"LA Galaxy","Pavon","Cristian","23","971","3","F"," $ 1,200,000.00 ",""
"LA Galaxy","Polenta","Diego","26","2519","7","D"," $ 777,276.00 ",""
"LA Galaxy","Pontius","Chris","31","703","3","F"," $ 189,999.96 ",""
"LA Galaxy","Romney","Dave","25","928","9","D"," $ 118,950.00 ",""
"LA Galaxy","Skjelvik","Jorgen","27","1681","14","D"," $ 1,066,666.63 ",""
"LA Galaxy","Steres","Daniel","28","2613","17","D"," $ 157,333.40 ",""
"LA Galaxy","Traore","Diedie","20","220","6","D"," $ 56,250.00 ",""
"LA Galaxy","Vom Steeg","Justin","21","0","0","GK"," $ 57,225.00 ",""
"LA Galaxy","Zubak","Ethan","20","43","0","F"," $ 78,125.00 ",""
"LAFC","Atuesta","Eduard","21","2631","55","D"," $ 492,999.96 ",""
"LAFC","Beitashour","Steven","31","1875","30","D"," $ 298,375.04 ",""
"LAFC","Blackmon","Tristan","22","1378","19","D"," $ 72,983.95 ",""
"LAFC","Blessing","Latif","22","2691","6092","M"," $ 110,416.67 ",""
"LAFC","Diomande","Adama","28","1436","8","F"," $ 934,999.96 ",""
"LAFC","Ejimadu","Philip","19","0","0","GK"," $ 56,250.00 ",""
"LAFC","Horta","Andre","22","184","515","M"," $ 1,200,000.00 ",""
"LAFC","Guido","Alejandro","24","0","0","D"," $ 120,000.00 ",""
"LAFC","Hamamalainein","Niko","21","96","0","D"," $ 56,250.00 ",""
"LAFC","Harvey","Jordan","35","2359","28","D"," $ 165,000.00 ",""
"LAFC","Jakovic","Dejan","33","181","5","D"," $ 153,750.00 ",""
"LAFC","Kaye","Mark-Anthony","24","2499","9645","M"," $ 177,810.50 ",""
"LAFC","Miller","Tyler","25","2520","28","GK"," $ 77,565.00 ",""
"LAFC","Mounir","Mohamed","26","590","25","D"," $ 202,833.00 ",""
"LAFC","Nguyen","Lee","32","1178","3214","M"," $ 530,000.00 ",""
"LAFC","Palacios","Diego","19","92","4","D"," $ 348,000.00 ",""
"LAFC","Perez","Josh","21","457","343","M"," $ 75,999.96 ",""
"LAFC","Perez","Adrien","23","215","1","F"," $ 56,250.00 ",""
"LAFC","Perez","Javier","22","13","138","M"," $ 56,250.00 ",""
"LAFC","Ramirez","Christian","27","948","4","F"," $ 666,250.00 ",""
"LAFC","Rodriguez Bravo","Brian","18","384","0","F"," $ 1,039,800.08 ",""
"LAFC","Rossi","Diego","20","2891","16","F"," $ 1,052,000.08 ",""
"LAFC","Segura","Eddie","21","2955","45","D"," $ 223,999.92 ",""
"LAFC","Silva","Danilo","32","225","3","D"," $ 200,000.04 ",""
"LAFC","Sisniega","Pablo","23","540","9","GK"," $ 105,000.00 ",""
"LAFC","Vassell","Peter","20","181","391","M"," $ 72,750.04 ",""
"LAFC","Vela","Carlos","29","2723","34","F"," $ 6,300,000.00 ",""
"LAFC","Zelaya","Rodolfo","30","120","1","F"," $ 185,833.37 ",""
"LAFC","Zimmerman","Walker","25","2165","27","D"," $ 600,000.00 ",""
"Minnesota United","Alonso","Osvaldo","33","2365","40","D"," $ 697,500.04 ",""
"Minnesota United","Boxall","Michael","30","2576","35","D"," $ 317,333.33 ",""
"Minnesota United","Chacon","Thomas","18","85","51","M"," $ 336,999.96 ",""
"Minnesota United","Danladi","Abu","23","718","2","F"," $ 180,000.08 ",""
"Minnesota United","Dotson","Hassani","21","1410","2787","M"," $ 56,250.00 ",""
"Minnesota United","Finlay","Ethan","28","1911","7","F"," $ 400,008.00 ",""
"Minnesota United","Gasper","Chase","23","1293","24","D"," $ 56,250.00 ",""
"Minnesota United","Gregus","Jan","28","2677","9519","M"," $ 883,500.00 ",""
"Minnesota United","Ibarra","Romario","24","380","204","M"," $ 546,250.04 ",""
"Minnesota United","Ibarra","Miguel","28","1506","2059","M"," $ 342,318.00 ",""
"Minnesota United","Kallman","Brent","28","1283","9","D"," $ 151,531.33 ",""
"Minnesota United","Lod","Robin","25","582","705","M"," $ 952,496.00 ",""
"Minnesota United","Manley","Carter","22","90","0","D"," $ 57,225.00 ",""
"Minnesota United","Mannone","Vito","30","3060","44","GK"," $ 594,000.00 ",""
"Minnesota United","Martin","Collin","24","184","455","M"," $ 105,000.00 ",""
"Minnesota United","Metanire","Romain","28","2430","38","D"," $ 411,833.37 ",""
"Minnesota United","Miller","Eric","26","763","9","D"," $ 124,424.96 ",""
"Minnesota United","Moimbe","Wilfried","30","335","6","D"," $ 274,275.00 ",""
"Minnesota United","Molino","Kevin","28","907","1885","M"," $ 546,254.00 ",""
"Minnesota United","Olum","Lawrence","34","547","3","D"," $ 70,250.04 ",""
"Minnesota United","Omsberg","Wyatt","23","0","0","D"," $ 57,225.00 ",""
"Minnesota United","Opara","Ike","29","2566","38","D"," $ 367,916.71 ",""
"Minnesota United","Quintero","Darwin","31","2197","10","F"," $ 1,750,000.08 ",""
"Minnesota United","Rodriguez","Angelo","29","1745","5","F"," $ 667,187.50 ",""
"Minnesota United","Schuller","Rasmus","27","921","1925","M"," $ 300,004.00 ",""
"Minnesota United","Shuttleworth","Bobby","31","0","0","GK"," $ 191,874.96 ",""
"Minnesota United","St, Clair","Dayne","21","0","0","GK"," $ 74,753.17 ",""
"Minnesota United","Toye","Mason","20","823","6","F"," $ 188,000.00 ",""
"Montreal Impact","Azira","Michael","31","1662","2566","M"," $ 146,625.04 ",""
"Montreal Impact","Bayiha","Clement","19","473","572","M"," $ 67,125.08 ",""
"Montreal Impact","Brault-Guillard","Zachary","20","874","2838","D"," $ 81,000.00 ",""
"Montreal Impact","Browne","Omar","24","564","2","F"," $ 89,781.00 ",""
"Montreal Impact","Bush","Evan","32","2880","59","GK"," $ 294,666.75 ",""
"Montreal Impact","Cabrera","Victor","25","1180","23","D"," $ 172,328.33 ",""
"Montreal Impact","Camacho","Rudy","27","1463","15","D"," $ 749,152.58 ",""
"Montreal Impact","Choiniere","Mathieu","19","685","646","M"," $ 86,390.04 ",""
"Montreal Impact","Corrales","Jorge","27","101","1","D"," $ 70,875.00 ",""
"Montreal Impact","Diop","Clement","25","180","1","GK"," $ 98,190.00 ",""
"Montreal Impact","Fanni","Rod","37","270","2","D"," $ 299,250.00 ",""
"Montreal Impact","Jackson-Hamel","Anthony","25","623","3","F"," $ 175,000.08 ",""
"Montreal Impact","Kinumbe","Daniel","19","66","0","D"," $ 60,165.63 ",""
"Montreal Impact","Krkic","Bojan","28","606","3","F"," $ 1,532,448.56 ",""
"Montreal Impact","Krolicki","Ken","22","528","660","M"," $ 59,950.08 ",""
"Montreal Impact","Lappalainen","Lassi","20","682","5","F"," $ 302,574.00 ",""
"Montreal Impact","Lovitz","Daniel","27","2520","37","D"," $ 97,453.08 ",""
"Montreal Impact","Novillo","Harry","26","441","1","F"," $ 60,245.00 ",""
"Montreal Impact","Okwonkwo","Orji","21","1769","8","F"," $ 220,000.04 ",""
"Montreal Impact","Pantemis","James","22","0","0","GK"," $ 70,250.04 ",""
"Montreal Impact","Piatti","Ignacio","33","754","752","M"," $ 4,443,333.37 ",""
"Montreal Impact","Piette","Samuel","24","2219","5370","M"," $ 143,159.38 ",""
"Montreal Impact","Raitala","Jukka","30","2084","12","D"," $ 290,500.08 ",""
"Montreal Impact","Sagna","Bacary","35","2179","25","D"," $ 705,000.00 ",""
"Montreal Impact","Sejdic","Amar","22","67","49","M"," $ 56,250.00 ",""
"Montreal Impact","Shome","Shamit","21","1626","2587","M"," $ 120,000.08 ",""
"Montreal Impact","Tabla","Ballou","19","129","130","M"," $ 70,250.04 ",""
"Montreal Impact","Taider","Saphir","26","2726","7111","M"," $ 1,400,000.04 ",""
"Montreal Impact","Urruti","Maximiliano","27","2433","4","F"," $ 1,071,000.00 ",""
"Montreal Impact","Yao","Karifa","18","0","0","D"," $ 60,466.39 ",""
"New England Revolution","Agudelo","Juan","26","1954","3","F"," $ 604,999.92 ",""
"New England Revolution","Anibaba","Jalil","30","1764","14","D"," $ 101,250.00 ",""
"New England Revolution","Bou","Gustavo","28","1152","9","F"," $ 2,100,000.00 ",""
"New England Revolution","Buchanan","Tajon","19","392","215","M"," $ 126,000.00 ",""
"New England Revolution","Bunbury","Teal","28","2189","6","F"," $ 270,750.00 ",""
"New England Revolution","Bye","Brandon","23","2655","34","D"," $ 63,244.93 ",""
"New England Revolution","Caicedo","Luis","22","2354","66","D"," $ 300,000.00 ",""
"New England Revolution","Caicedo","Juan Fernando","29","1073","5","F"," $ 500,000.04 ",""
"New England Revolution","Caldwell","Scott","27","1082","2751","M"," $ 153,208.56 ",""
"New England Revolution","Castillo","Edgar","32","1689","36","D"," $ 249,999.96 ",""
"New England Revolution","Cropper","Cody","25","630","17","GK"," $ 77,519.52 ",""
"New England Revolution","Fagundez","Diego","23","1175","2373","M"," $ 205,000.04 ",""
"New England Revolution","Farrell","Andrew","26","2602","26","D"," $ 344,229.96 ",""
"New England Revolution","Firmino","Nicolas","18","0","0","M"," $ 73,916.71 ",""
"New England Revolution","Gil","Carles","26","3051","10","F"," $ 2,337,500.00 ",""
"New England Revolution","Herivaux","Zachary","22","0","0","M"," $ 87,351.60 ",""
"New England Revolution","Jones","DeJuan","21","1297","2560","M"," $ 56,250.00 ",""
"New England Revolution","Knighton","Brad","33","663","13","GK"," $ 116,253.32 ",""
"New England Revolution","Mancienne","Michael","31","1191","13","D"," $ 995,676.00 ",""
"New England Revolution","Mlinar Delamea","Antonio","27","1366","11","D"," $ 425,004.00 ",""
"New England Revolution","Penilla","Cristian","27","1784","3251","M"," $ 550,000.04 ",""
"New England Revolution","Rennicks","Justin","19","105","0","F"," $ 115,000.04 ",""
"New England Revolution","Somi","Gabriel","27","0","0","D"," $ 391,000.00 ",""
"New England Revolution","Turner","Matt","24","1765","27","GK"," $ 75,937.56 ",""
"New England Revolution","Wright","Brian","23","12","0","F"," $ 70,875.00 ",""
"New England Revolution","Zahibo","Wilfred","25","1505","4473","M"," $ 583,000.00 ",""
"New York City FC","Araujo dos Santos","Heber","27","1573","15","F"," $ 788,750.04 ",""
"New York City FC","Barraza","Luis","22","0","0","GK"," $ 56,250.00 ",""
"New York City FC","Bedoya","Daniel","24","1","0","M"," $ 70,250.04 ",""
"New York City FC","Caldwell","Jeff","22","0","0","GK"," $ 57,225.00 ",""
"New York City FC","Callens","Alexander","26","2160","32","D"," $ 664,000.00 ",""
"New York City FC","Castellanos","Valentin","20","2048","12","F"," $ 274,806.41 ",""
"New York City FC","Chanot","Maxime","29","2790","37","D"," $ 650,000.04 ",""
"New York City FC","Haak","Justin","17","7","7","M"," $ 56,250.00 ",""
"New York City FC","Ibeagha","Sebastien","27","1117","13","D"," $ 74,250.00 ",""
"New York City FC","Johnson","Sean","29","2610","36","GK"," $ 399,999.96 ",""
"New York City FC","Mackay-Steven","Gary","28","527","637","M"," $ 274,833.37 ",""
"New York City FC","Matarrita","Ronald","24","1973","38","D"," $ 420,000.00 ",""
"New York City FC","Medina","Jesus","21","734","1127","M"," $ 870,833.33 ",""
"New York City FC","Mitrita","Alexandru","23","2127","12","F"," $ 500,000.04 ",""
"New York City FC","Moralez","Maxi","31","2431","8380","M"," $ 2,000,000.04 ",""
"New York City FC","Ofori","Ebenezer","23","1261","30","D"," $ 399,999.96 ",""
"New York City FC","Parks","Keaton","21","1322","30","D"," $ 165,000.00 ",""
"New York City FC","Ring","Alexander","27","2790","10884","M"," $ 944,999.96 ",""
"New York City FC","Rocha","Tony","25","876","1912","M"," $ 72,346.92 ",""
"New York City FC","Sands","James","18","1485","20","D"," $ 105,000.00 ",""
"New York City FC","Stuver","Brad","27","450","6","GK"," $ 99,999.96 ",""
"New York City FC","Sweat","Ben","27","1266","8","D"," $ 200,000.04 ",""
"New York City FC","Tajouri-Shradi","Ismael","24","935","1340","M"," $ 380,500.04 ",""
"New York City FC","Tinnerholm","Anton","27","2631","30","D"," $ 546,800.00 ",""
"New York City FC","Torres","Juan Pablo","19","1","0","M"," $ 84,750.04 ",""
"New York Red Bulls","Barlow","Tom","23","602","3","F"," $ 56,250.00 ",""
"New York Red Bulls","Bezecourt","Vincent","25","449","501","M"," $ 73,295.62 ",""
"New York Red Bulls","Buckmaster","Rece","22","540","14","D"," $ 56,250.00 ",""
"New York Red Bulls","Casseres","Cristian","19","1797","3935","M"," $ 118,749.92 ",""
"New York Red Bulls","Davis","Sean","25","2557","7647","M"," $ 327,500.00 ",""
"New York Red Bulls","Duncan","Kyle","21","1078","28","D"," $ 70,250.04 ",""
"New York Red Bulls","Epps","Marcus","24","110","148","M"," $ 74,541.71 ",""
"New York Red Bulls","Etienne","Derrick","22","467","1","F"," $ 82,062.56 ",""
"New York Red Bulls","Fernandez","Omir","19","580","395","M"," $ 95,000.04 ",""
"New York Red Bulls","Ivan","Andrea","24","490","1","F"," $ 330,600.00 ",""
"New York Red Bulls","Jorgensen","Mathias","18","120","0","F"," $ 306,250.04 ",""
"New York Red Bulls","Kaku","","24","1924","6772","M"," $ 799,999.92 ",""
"New York Red Bulls","Lade","Connor","29","845","21","D"," $ 132,749.85 ",""
"New York Red Bulls","Lawrence","Kemar","26","1729","23","D"," $ 382,749.96 ",""
"New York Red Bulls","Long","Aaron","26","2115","23","D"," $ 800,000.04 ",""
"New York Red Bulls","Louro","Evan","23","0","0","GK"," $ 70,250.04 ",""
"New York Red Bulls","Meara","Ryan","28","90","1","GK"," $ 137,000.00 ",""
"New York Red Bulls","Mines","Ben","18","0","0","M"," $ 63,243.20 ",""
"New York Red Bulls","Murillo","Michael","22","1696","25","D"," $ 113,753.96 ",""
"New York Red Bulls","Muyl","Alex","23","1398","2433","M"," $ 127,750.00 ",""
"New York Red Bulls","Nealis","Sean","22","457","4","D"," $ 56,250.00 ",""
"New York Red Bulls","Parker","Tim","25","2388","27","D"," $ 752,200.04 ",""
"New York Red Bulls","Robles","Luis","34","2970","50","GK"," $ 490,000.08 ",""
"New York Red Bulls","Royer","Daniel","28","2314","11","F"," $ 768,749.96 ",""
"New York Red Bulls","Rzatkowski","Marc","28","2315","6463","M"," $ 341,666.67 ",""
"New York Red Bulls","Sims","Josh","21","476","529","M"," $ 710,467.96 ",""
"New York Red Bulls","Tarek","Amro","26","1471","12","D"," $ 156,250.00 ",""
"New York Red Bulls","Valot","Florian","25","124","245","M"," $ 74,508.45 ",""
"New York Red Bulls","White","Brian","22","1336","8","F"," $ 57,225.00 ",""
"New York Red Bulls","Wright-Phillips","Bradley","33","1110","2","F"," $ 1,380,000.00 ",""
"Orlando City SC","Acosta","Danilo","21","667","9","D"," $ 110,000.04 ",""
"Orlando City SC","Akindele","Tesho","26","1875","10","F"," $ 150,000.00 ",""
"Orlando City SC","Ascues","Carlos","26","1111","22","D"," $ 451,500.00 ",""
"Orlando City SC","Colman","Josue","20","160","478","M"," $ 450,000.00 ",""
"Orlando City SC","De John","Alex","27","403","1","D"," $ 146,614.17 ",""
"Orlando City SC","Dwyer","Dom","28","1616","7","F"," $ 1,503,333.33 ",""
"Orlando City SC","Grinwis","Adam","26","0","0","GK"," $ 70,875.00 ",""
"Orlando City SC","Higuita","Cristian","25","643","1597","M"," $ 611,662.67 ",""
"Orlando City SC","Jansson","Robin","27","2420","17","D"," $ 289,800.00 ",""
"Orlando City SC","Johnson","Will","32","1692","3491","M"," $ 491,004.00 ",""
"Orlando City SC","Kljestan","Sacha","33","1359","3531","M"," $ 1,100,000.04 ",""
"Orlando City SC","Méndez","Jhegson Sebastián","21","1787","47","D"," $ 486,750.00 ",""
"Orlando City SC","Michel","Benji","21","947","5","F"," $ 116,249.96 ",""
"Orlando City SC","Miller","Kamal","21","1350","11","D"," $ 56,250.00 ",""
"Orlando City SC","Moutinho","Joao","21","1220","20","D"," $ 202,999.92 ",""
"Orlando City SC","Mueller","Chris","22","1370","5","F"," $ 109,375.00 ",""
"Orlando City SC","Nani","","32","2273","12","F"," $ 2,486,249.70 ",""
"Orlando City SC","O'Neill","Shane","25","839","10","D"," $ 139,499.92 ",""
"Orlando City SC","Patino","Santiago","21","328","2","F"," $ 76,781.29 ",""
"Orlando City SC","Pereyra","Mauricio","28","392","1261","M"," $ 1,078,000.00 ",""
"Orlando City SC","Powers","Dillon","27","619","1358","M"," $ 200,000.04 ",""
"Orlando City SC","Ranjitsingh","Gregory","25","180","3","GK"," $ 70,250.04 ",""
"Orlando City SC","Rosell","Oriol","26","1466","28","D"," $ 522,499.92 ",""
"Orlando City SC","Rowe","Brian","30","2880","49","GK"," $ 98,000.04 ",""
"Orlando City SC","Sane","Lamine","31","2275","15","D"," $ 949,999.96 ",""
"Orlando City SC","Smith","Kyle","27","1386","21","D"," $ 70,250.04 ",""
"Orlando City SC","Stajduhar","Mason","21","0","0","GK"," $ 70,875.00 ",""
"Orlando City SC","Teixeira","Ruan","23","2097","22","D"," $ 159,999.96 ",""
"Philadelphia Union","Aaronson","Brenden","18","1706","1578","M"," $ 98,309.48 ",""
"Philadelphia Union","Allen","RJ","28","0","0","D"," $ 70,250.04 ",""
"Philadelphia Union","Alves","Fabinho","33","90","1","D"," $ 120,000.00 ",""
"Philadelphia Union","Bedoya","Alejandro","31","2833","6538","M"," $ 1,266,250.00 ",""
"Philadelphia Union","Bendik","Joe","29","0","0","GK"," $ 144,000.00 ",""
"Philadelphia Union","Blake","Andre","28","2303","41","GK"," $ 550,004.00 ",""
"Philadelphia Union","Burke","Cory","27","490","2","F"," $ 79,720.37 ",""
"Philadelphia Union","Collin","Aurelien","32","529","8","D"," $ 175,000.08 ",""
"Philadelphia Union","Coronel","Carlos","22","320","2","GK"," $ 148,425.00 ",""
"Philadelphia Union","Creavalle","Warren","28","369","6","D"," $ 175,300.00 ",""
"Philadelphia Union","Elliott","Jack","23","3060","36","D"," $ 265,000.08 ",""
"Philadelphia Union","Fabian","Marco","29","1246","0","M"," $ 2,274,087.24 ",""
"Philadelphia Union","Fontana","Anthony","19","127","234","M"," $ 78,677.60 ",""
"Philadelphia Union","Freese","Matt","20","437","7","GK"," $ 77,650.08 ",""
"Philadelphia Union","Gaddis","Raymon","29","2958","55","D"," $ 190,000.08 ",""
"Philadelphia Union","Ilsinho","","33","1094","5","F"," $ 357,000.00 ",""
"Philadelphia Union","Jones","Derrick","21","58","60","M"," $ 80,900.00 ",""
"Philadelphia Union","Mbaizo","Olivier","21","196","0","D"," $ 70,875.00 ",""
"Philadelphia Union","McKenzie","Mark","19","537","9","D"," $ 82,225.00 ",""
"Philadelphia Union","Medunjanin","Haris","33","3060","17430","M"," $ 595,008.00 ",""
"Philadelphia Union","Monteiro","Jamiro","25","2049","6021","M"," $ 671,200.00 ",""
"Philadelphia Union","Ngalina","Michee","18","10","12","M"," $ 56,250.00 ",""
"Philadelphia Union","Picault","Fafa","27","1862","1261","M"," $ 173,666.63 ",""
"Philadelphia Union","Przybylko","Kacper","25","2241","15","F"," $ 277,000.00 ",""
"Philadelphia Union","Real","Matthew","19","68","1","D"," $ 57,225.00 ",""
"Philadelphia Union","Santos","Sergio","24","626","4","F"," $ 668,500.00 ",""
"Philadelphia Union","Trusty","Auston","20","1965","38","D"," $ 124,100.04 ",""
"Philadelphia Union","Wagner","Kai","21","2689","52","D"," $ 360,150.00 ",""
"Philadelphia Union","Wooten","Andrew","29","352","0","F"," $ 595,833.33 ",""
"Portland Timbers","Asprilla","Dairon","26","564","502","M"," $ 213,750.04 ",""
"Portland Timbers","Attinella","Jeff","30","900","24","GK"," $ 187,249.96 ",""
"Portland Timbers","Blanco","Sebastian","30","2507","10159","M"," $ 2,853,341.33 ",""
"Portland Timbers","Cascante","Julio","25","1442","12","D"," $ 170,004.00 ",""
"Portland Timbers","Chara","Diego","32","2606","9867","M"," $ 568,750.08 ",""
"Portland Timbers","Clark","Steve","32","2160","25","GK"," $ 140,000.04 ",""
"Portland Timbers","Conechny","Tomas","20","356","77","M"," $ 396,000.00 ",""
"Portland Timbers","Dielna","Claude","31","1087","9","D"," $ 600,000.04 ",""
"Portland Timbers","Ebobisse","Jeremy","21","2307","11","F"," $ 237,999.96 ",""
"Portland Timbers","Farfan","Marco","20","189","3","D"," $ 80,250.00 ",""
"Portland Timbers","Fernandez","Brian","24","1409","11","F"," $ 1,275,800.00 ",""
"Portland Timbers","Flores","Andres","28","778","1320","M"," $ 70,250.04 ",""
"Portland Timbers","Ivacic","Aljaz","25","0","0","GK"," $ 160,000.00 ",""
"Portland Timbers","Jadama","Modou","24","90","2","D"," $ 70,250.04 ",""
"Portland Timbers","Langsdorf","Foster","23","26","0","F"," $ 57,225.00 ",""
"Portland Timbers","Loría","Marvin","21","705","949","M"," $ 56,250.00 ",""
"Portland Timbers","Mabiala","Larrys","31","1901","15","D"," $ 793,333.33 ",""
"Portland Timbers","McIntosh","Kendall","25","0","0","GK"," $ 70,250.04 ",""
"Portland Timbers","Melano","Lucas","25","127","0","F"," $ 700,000.00 ",""
"Portland Timbers","Moreira","Jorge","28","2231","61","D"," $ 607,954.60 ",""
"Portland Timbers","Paredes","Cristhian","20","1647","3165","M"," $ 283,500.00 ",""
"Portland Timbers","Polo","Andy","24","1447","2175","M"," $ 150,000.00 ",""
"Portland Timbers","Tuiloma","Bill","23","1920","19","D"," $ 107,508.00 ",""
"Portland Timbers","Valentin","Zarek","27","1625","11","D"," $ 159,999.96 ",""
"Portland Timbers","Valeri","Diego","32","2595","7587","M"," $ 2,419,999.96 ",""
"Portland Timbers","Villafaña","Jorge","29","1943","33","D"," $ 617,500.00 ",""
"Portland Timbers","Williamson","Eryk","21","234","501","M"," $ 136,500.00 ",""
"Portland Timbers","Zambrano","Renzo","24","783","1992","M"," $ 70,250.04 ",""
"Real Salt Lake","Arriaga","Luis","18","5","10","M"," $ 56,250.00 ",""
"Real Salt Lake","Baird","Corey","23","2098","5","F"," $ 70,008.00 ",""
"Real Salt Lake","Beckerman","Kyle","36","2127","37","D"," $ 325,000.00 ",""
"Real Salt Lake","Beltran","Tony","31","0","0","D"," $ 207,000.00 ",""
"Real Salt Lake","Besler","Nick","25","734","1692","M"," $ 84,999.96 ",""
"Real Salt Lake","Glad","Justen","21","2063","14","D"," $ 366,700.00 ",""
"Real Salt Lake","Henly","Adam","24","0","0","D"," $ 160,000.00 ",""
"Real Salt Lake","Herrera","Aaron","21","2768","37","D"," $ 86,000.04 ",""
"Real Salt Lake","Holt","Erik","22","370","5","D"," $ 70,250.04 ",""
"Real Salt Lake","Horwath","Alex","31","0","0","GK"," $ 100,862.54 ",""
"Real Salt Lake","Johnson","Sam","25","1299","9","F"," $ 767,500.04 ",""
"Real Salt Lake","Kreilach","Damir","29","2656","4716","M"," $ 1,082,101.97 ",""
"Real Salt Lake","Lennon","Brooks","21","1547","12","D"," $ 242,587.33 ",""
"Real Salt Lake","Luiz","Everton","30","2107","39","D"," $ 1,100,000.08 ",""
"Real Salt Lake","Martinez","Doug","21","63","0","F"," $ 56,250.00 ",""
"Real Salt Lake","Mulholland","Luke","30","20","80","M"," $ 155,000.04 ",""
"Real Salt Lake","Ochoa","David","18","0","0","GK"," $ 70,250.04 ",""
"Real Salt Lake","Onuoha","Nedum","32","2336","27","D"," $ 504,000.00 ",""
"Real Salt Lake","Plata","Joao","26","317","803","M"," $ 856,254.00 ",""
"Real Salt Lake","Portillo","Justin","26","194","525","M"," $ 70,250.04 ",""
"Real Salt Lake","Putna","Andrew","24","450","6","GK"," $ 70,875.00 ",""
"Real Salt Lake","Rimando","Nick","39","2610","36","GK"," $ 322,500.00 ",""
"Real Salt Lake","Rowe","Kelyn","27","181","353","M"," $ 326,399.96 ",""
"Real Salt Lake","Ruiz","Pablo","20","0","0","M"," $ 221,004.00 ",""
"Real Salt Lake","Rusnak","Albert","24","2450","10","F"," $ 2,001,666.67 ",""
"Real Salt Lake","Saucedo","Sebastian","22","1192","2296","M"," $ 123,000.00 ",""
"Real Salt Lake","Savarino","Jefferson","22","2315","8","F"," $ 498,695.65 ",""
"Real Salt Lake","Schmitt","Tate","21","93","0","F"," $ 70,250.04 ",""
"Real Salt Lake","Silva","Marcelo","29","1345","10","D"," $ 776,629.00 ",""
"Real Salt Lake","Toia","Donny","26","2140","25","D"," $ 131,254.20 ",""
"San Jose Earthquakes","Affolter","Francois","27","90","1","D"," $ 281,999.96 ",""
"San Jose Earthquakes","Akanyirige","Jacob","17","0","0","D"," $ 64,225.04 ",""
"San Jose Earthquakes","Calvillo","Eric","21","74","74","M"," $ 136,500.00 ",""
"San Jose Earthquakes","Cummings","Harold","26","1389","16","D"," $ 320,666.67 ",""
"San Jose Earthquakes","Eriksson","Magnus","28","2802","7347","M"," $ 450,000.00 ",""
"San Jose Earthquakes","Espinoza","Cristian","23","2524","5429","M"," $ 550,000.04 ",""
"San Jose Earthquakes","Felipe","Luis","23","42","2","D"," $ 71,625.00 ",""
"San Jose Earthquakes","Fierro","Carlos","24","229","327","M"," $ 718,800.00 ",""
"San Jose Earthquakes","Fuentes","Gilbert","16","3","11","M"," $ 92,000.04 ",""
"San Jose Earthquakes","Godoy","Anibal","28","1343","26","D"," $ 498,125.00 ",""
"San Jose Earthquakes","Haji","Siad","19","44","138","M"," $ 104,000.00 ",""
"San Jose Earthquakes","Hoesen","Danny","28","1478","5","F"," $ 549,666.71 ",""
"San Jose Earthquakes","Judson","","25","1909","58","D"," $ 305,000.00 ",""
"San Jose Earthquakes","Jungwirth","Florian","30","2670","36","D"," $ 616,675.07 ",""
"San Jose Earthquakes","Kashia","Guram","31","1907","30","D"," $ 590,000.04 ",""
"San Jose Earthquakes","Lima","Nick","24","1808","19","D"," $ 218,437.54 ",""
"San Jose Earthquakes","Lopez","Marcos","19","1162","16","D"," $ 387,749.96 ",""
"San Jose Earthquakes","Marie","Paul","23","349","8","D"," $ 57,225.00 ",""
"San Jose Earthquakes","Ockford","Jimmy","26","0","0","D"," $ 70,875.00 ",""
"San Jose Earthquakes","Partida","Kevin","23","1","1","M"," $ 57,225.00 ",""
"San Jose Earthquakes","Qazaishvili","Valeri ""Vako""","26","2094","8","F"," $ 1,604,042.36 ",""
"San Jose Earthquakes","Rios","Andres","29","270","1","F"," $ 729,250.00 ",""
"San Jose Earthquakes","Salinas","Shea","32","1345","3072","M"," $ 249,999.96 ",""
"San Jose Earthquakes","Tarbell","Andrew","25","0","0","GK"," $ 235,000.04 ",""
"San Jose Earthquakes","Thompson","Tommy","23","2285","41","D"," $ 174,999.96 ",""
"San Jose Earthquakes","Vega","Daniel","34","3060","55","GK"," $ 210,000.04 ",""
"San Jose Earthquakes","Wondolowski","Chris","36","1977","15","F"," $ 800,000.04 ",""
"San Jose Earthquakes","Yueill","Jackson","21","2669","9927","M"," $ 190,000.08 ",""
"Seattle Sounders FC","Abdul-Salaam","Saad","27","1067","10","D"," $ 70,250.04 ",""
"Seattle Sounders FC","Arreaga","Xavier","24","1119","17","D"," $ 500,850.00 ",""
"Seattle Sounders FC","Bruin","Will","29","429","2","F"," $ 358,333.37 ",""
"Seattle Sounders FC","Bwana","Handwalla","21","572","595","M"," $ 57,225.00 ",""
"Seattle Sounders FC","Campbell","Jonathan","25","360","6","D"," $ 70,250.04 ",""
"Seattle Sounders FC","Cecchini","Emanuel","22","157","308","M"," $ 789,000.00 ",""
"Seattle Sounders FC","Delem","Jordy","25","1437","21","D"," $ 70,875.00 ",""
"Seattle Sounders FC","Dhillon","Justin","23","264","0","F"," $ 70,250.04 ",""
"Seattle Sounders FC","Frei","Stefan","32","3060","49","GK"," $ 337,500.08 ",""
"Seattle Sounders FC","Hopeau","Shandon","20","33","0","F"," $ 70,875.00 ",""
"Seattle Sounders FC","Jones","Joevin","27","923","1810","M"," $ 528,670.67 ",""
"Seattle Sounders FC","Kee-Hee","Kim","29","2603","20","D"," $ 772,000.08 ",""
"Seattle Sounders FC","Leerdam","Kelvin","28","2407","34","D"," $ 599,999.96 ",""
"Seattle Sounders FC","Leyva","Danny","15","414","5","D"," $ 89,872.25 ",""
"Seattle Sounders FC","Lodeiro","Nicolas","29","2498","9564","M"," $ 2,502,500.04 ",""
"Seattle Sounders FC","Marshall","Chad","34","720","3","D"," $ 401,250.00 ",""
"Seattle Sounders FC","Meredith","Bryan","29","0","0","GK"," $ 70,875.00 ",""
"Seattle Sounders FC","Morris","Jordan","24","2036","10","F"," $ 619,600.00 ",""
"Seattle Sounders FC","Muse","Trey","19","0","0","GK"," $ 65,000.00 ",""
"Seattle Sounders FC","Ocampo-Chavez","Alfonso","16","82","0","F"," $ 85,750.00 ",""
"Seattle Sounders FC","Rodriguez","Victor","29","1117","2213","M"," $ 1,087,499.96 ",""
"Seattle Sounders FC","Roldan","Alex","22","443","446","M"," $ 596,541.68 ",""
"Seattle Sounders FC","Roldan","Christian","23","2537","7136","M"," $ 57,225.00 ",""
"Seattle Sounders FC","Ruidiaz","Raul","28","1793","11","F"," $ 2,000,004.00 ",""
"Seattle Sounders FC","Shipp","Harry","27","1382","843","M"," $ 234,999.96 ",""
"Seattle Sounders FC","Silva","Luis","30","198","0","F"," $ 70,250.04 ",""
"Seattle Sounders FC","Smith","Brad","24","1972","21","D"," $ 549,092.00 ",""
"Seattle Sounders FC","Svensson","Gustav","31","1811","33","D"," $ 600,000.00 ",""
"Seattle Sounders FC","Tolo","Nouhou","21","793","17","D"," $ 84,000.00 ",""
"Seattle Sounders FC","Torres","Roman","32","1132","10","D"," $ 740,000.08 ",""
"Seattle Sounders FC","Wingo","Henry","23","202","0","F"," $ 70,250.00 ",""
"Sporting Kansas City","Baráth","Botond","26","1748","10","D"," $ 297,333.41 ",""
"Sporting Kansas City","Besler","Matt","31","2112","14","D"," $ 674,997.64 ",""
"Sporting Kansas City","Busio","Gianluca","16","928","916","M"," $ 92,500.00 ",""
"Sporting Kansas City","Croizet","Yohan","26","1092","3","F"," $ 700,000.00 ",""
"Sporting Kansas City","Dick","Eric","24","90","6","GK"," $ 73,699.58 ",""
"Sporting Kansas City","Espinoza","Roger","32","1140","2072","M"," $ 800,000.04 ",""
"Sporting Kansas City","Feilhaber","Benny","34","1100","2551","M"," $ 463,400.00 ",""
"Sporting Kansas City","Fernandes","Gerso","27","1745","1272","M"," $ 550,008.00 ",""
"Sporting Kansas City","Fontas","Andreu","29","967","10","D"," $ 1,050,000.00 ",""
"Sporting Kansas City","Freeman","Tyler","16","0","0","F"," $ 82,749.92 ",""
"Sporting Kansas City","Gutierrez","Felipe","28","2716","12","F"," $ 1,649,999.96 ",""
"Sporting Kansas City","Hasler","Nicolas","27","636","2337","M"," $ 183,666.67 ",""
"Sporting Kansas City","Hernandez","Felipe","20","96","96","M"," $ 56,250.00 ",""
"Sporting Kansas City","Hurtado","Erik","28","816","2","F"," $ 181,249.96 ",""
"Sporting Kansas City","Kuzain","Wan","20","0","0","D"," $ 70,875.00 ",""
"Sporting Kansas City","Lindsey","Jaylin","18","90","0","D"," $ 88,000.00 ",""
"Sporting Kansas City","Martins","Luis","26","830","2","D"," $ 240,000.00 ",""
"Sporting Kansas City","Medranda","Jimmy","24","183","2","D"," $ 155,004.00 ",""
"Sporting Kansas City","Melia","Tim","32","2880","60","GK"," $ 341,674.67 ",""
"Sporting Kansas City","Nemeth","Krisztian","30","1559","8","F"," $ 1,063,666.71 ",""
"Sporting Kansas City","Rowe","Kelyn","27","693","0","F"," $ 326,399.00 ",""
"Sporting Kansas City","Russell","Johnny","28","2113","9","F"," $ 1,449,999.96 ",""
"Sporting Kansas City","Rwatubyaye","Abdul","22","165","2","D"," $ 62,625.00 ",""
"Sporting Kansas City","Salloi","Daniel","22","1545","1270","M"," $ 139,624.96 ",""
"Sporting Kansas City","Sanchez","Ilie","28","2510","33","D"," $ 900,000.00 ",""
"Sporting Kansas City","Sinovic","Seth","32","1908","19","D"," $ 143,000.00 ",""
"Sporting Kansas City","Smith","Graham","23","882","7","D"," $ 57,225.00 ",""
"Sporting Kansas City","Wallace","Rodney","30","26","43","M"," $ 360,000.00 ",""
"Sporting Kansas City","Zelalem","Gedion","22","435","1202","M"," $ 77,916.67 ",""
"Sporting Kansas City","Zendejas","Adrian","23","90","1","GK"," $ 70,250.04 ",""
"Sporting Kansas City","Zusi","Graham","32","2351","30","D"," $ 688,333.41 ",""
"Toronto FC","Akinola","Ayo","19","257","1","F"," $ 124,256.00 ",""
"Toronto FC","Altidore","Jozy","29","1688","11","F"," $ 6,332,250.04 ",""
"Toronto FC","Auro","","23","1883","21","D"," $ 276,666.67 ",""
"Toronto FC","Benezet","Nicolas","27","438","894","M"," $ 600,000.00 ",""
"Toronto FC","Bono","Alex","24","556","11","GK"," $ 382,000.04 ",""
"Toronto FC","Boyd","Terrence","27","345","0","F"," $ 190,000.00 ",""
"Toronto FC","Bradley","Michael","31","2373","12374","M"," $ 6,500,000.00 ",""
"Toronto FC","Chapman","Jay","25","529","995","M"," $ 138,500.00 ",""
"Toronto FC","Ciman","Laurent","33","1264","13","D"," $ 435,624.96 ",""
"Toronto FC","DeLeon","Nick","28","1853","3188","M"," $ 175,269.67 ",""
"Toronto FC","Delgado","Marco ""Marky""","23","2548","8576","M"," $ 252,999.96 ",""
"Toronto FC","Dorsey","Griffin","19","4","0","M"," $ 134,000.00 ",""
"Toronto FC","Dunn","Julian","18","0","0","D"," $ 57,225.00 ",""
"Toronto FC","Endoh","Tsubasa","25","873","1100","M"," $ 75,583.37 ",""
"Toronto FC","Fraser","Liam","20","810","8","D"," $ 75,875.00 ",""
"Toronto FC","Gallardo","Erickson","25","241","265","M"," $ 306,916.60 ",""
"Toronto FC","Gonzalez","Omar","30","1260","4","D"," $ 1,193,935.50 ",""
"Toronto FC","Laryea","Richie","24","1466","28","D"," $ 56,250.00 ",""
"Toronto FC","Mavinga","Chris","27","2112","19","D"," $ 663,333.33 ",""
"Toronto FC","Moor","Drew","35","1024","7","D"," $ 375,000.00 ",""
"Toronto FC","Morgan","Ashtone","27","313","3","D"," $ 133,500.00 ",""
"Toronto FC","Morrow","Justin","31","2348","40","D"," $ 330,000.00 ",""
"Toronto FC","Mullins","Patrick","26","348","2","F"," $ 260,004.00 ",""
"Toronto FC","Osorio","Jonathan","26","1757","3566","M"," $ 776,250.00 ",""
"Toronto FC","Patterson-Sewell","Caleb","31","0","0","GK"," $ 70,875.00 ",""
"Toronto FC","Pozuelo","Alejandro","27","2718","12","F"," $ 3,800,000.04 ",""
"Toronto FC","Shaffelburg","Jacob","19","668","503","M"," $ 62,750.00 ",""
"Toronto FC","Telfer","Ryan","24","4","8","M"," $ 70,250.04 ",""
"Toronto FC","Westberg","Quentin","32","2504","41","GK"," $ 115,254.08 ",""
"Toronto FC","Zavaleta","Eriq","26","1017","10","D"," $ 296,962.33 ",""
"Vancouver Whitecaps","Adnan","Ali","25","2410","45","D"," $ 1,277,499.90 ",""
"Vancouver Whitecaps","Ardaiz","Joaquín","20","415","0","F"," $ 272,727.12 ",""
"Vancouver Whitecaps","Bair","Thelonius","19","822","2","F"," $ 76,250.00 ",""
"Vancouver Whitecaps","Baldisimo","Michael","18","0","0","D"," $ 83,012.80 ",""
"Vancouver Whitecaps","Bangoura","Alhassane ""Lass""","26","634","921","M"," $ 99,999.96 ",""
"Vancouver Whitecaps","Chirinos","Michaell","23","412","377","M"," $ 396,875.00 ",""
"Vancouver Whitecaps","Colyn","Simon","16","0","0","M"," $ 81,250.00 ",""
"Vancouver Whitecaps","Cornelius","Derek","21","1425","16","D"," $ 111,912.46 ",""
"Vancouver Whitecaps","Crepeau","Maxime","24","2340","46","GK"," $ 94,083.33 ",""
"Vancouver Whitecaps","Dominguez","Jon Erice","32","1747","6715","M"," $ 752,363.70 ",""
"Vancouver Whitecaps","Giro","Victor ""PC""","24","814","10","D"," $ 110,312.50 ",""
"Vancouver Whitecaps","Godoy","Erik","25","2597","24","D"," $ 449,318.16 ",""
"Vancouver Whitecaps","Henry","Doneil","25","2123","20","D"," $ 204,241.71 ",""
"Vancouver Whitecaps","In-Beom","Hwang","22","2806","7616","M"," $ 655,000.00 ",""
"Vancouver Whitecaps","Khmiri","Jasser","21","90","0","D"," $ 180,000.00 ",""
"Vancouver Whitecaps","Levis","Brett","25","334","3","D"," $ 74,162.56 ",""
"Vancouver Whitecaps","MacMath","Zac","27","720","13","GK"," $ 189,999.96 ",""
"Vancouver Whitecaps","Martins","Felipe","28","1142","2157","M"," $ 500,000.00 ",""
"Vancouver Whitecaps","McDonough","Brendan","22","65","0","D"," $ 56,250.00 ",""
"Vancouver Whitecaps","Melvin","Sean","24","0","0","GK"," $ 70,250.04 ",""
"Vancouver Whitecaps","Montero","Fredy","31","2096","8","F"," $ 968,000.00 ",""
"Vancouver Whitecaps","Mukumbilwa","Georges","19","10","0","D"," $ 56,250.00 ",""
"Vancouver Whitecaps","Nerwinski","Jake","24","2021","25","D"," $ 124,125.00 ",""
"Vancouver Whitecaps","Norman","David","20","0","0","M"," $ 58,225.00 ",""
"Vancouver Whitecaps","Reyna","Yordy","25","1988","7","F"," $ 713,140.04 ",""
"Vancouver Whitecaps","Ricketts","Tosaint","31","479","1","F"," $ 70,250.04 ",""
"Vancouver Whitecaps","Rose","Andy","28","1851","7074","M"," $ 192,500.04 ",""
"Vancouver Whitecaps","Sutter","Scott","32","983","12","D"," $ 170,177.04 ",""
"Vancouver Whitecaps","Teibert","Russell","26","2194","23","D"," $ 190,000.04 ",""
"Vancouver Whitecaps","Venuto","Lucas","24","1136","3","F"," $ 190,000.04 ",""
"","","","","","","","",""
"","","","","","","","",""
"","","","","","","","",""
"","","","","","","","",""
"","","","","","","","",""
"","","","","","","","",""
"","","","","","","","",""
"","","","","","","","",""
"","","","","","","","",""
"","","","","","","","",""
"","","","","","","","",""
"","","","","","","","",""
"","","","","","","","",""
"","","","","","","","",""
"","","","","","","","",""
"","","","","","","","",""
"","","","","","","","",""
"","","","","","","","",""
"","","","","","","","",""
"","","","","","","","",""
"","","","","","","","",""
"","","","","","","","",""
"","","","","","","","",""
"","","","","","","","",""
"","","","","","","","",""
"","","","","","","","",""
